<?xml version="1.0" encoding="UTF-8"?>
<project name="build-properties">
    <description>
            This file load property files and keeps track of different paths. It should not be run directly. 
    </description>

	<!-- Get the correct relative path when this file is imported. -->
	<dirname property="build-properties.basedir" file="${ant.file.build-properties}"/>
    <property file="${build-properties.basedir}/../src/internal.properties" />
    <property name="ejbca.home" location="${build-properties.basedir}/.." />
    <property environment="env" />

	<import file="${build-properties.basedir}/../propertyDefaults.xml"/>
	
    <property name="ejbca.dist.path" location="${ejbca.home}/dist" />
    <!-- Define the different modules -->
    <property name="mod.path" location="${ejbca.home}/modules" />
    <property name="mod.common.path" location="${mod.path}/common" />
    <property name="mod.common-lib.path" location="${mod.common.path}/lib" />
    <property name="mod.systemtests.path" location="${mod.path}/systemtests" />
    <property name="mod.dist.path" location="${mod.path}/dist" />
	<property name="mod.ejbca-common.path" location="${mod.path}/ejbca-common" /> 
	<property name="mod.ejbca-common-web.path" location="${mod.path}/ejbca-common-web" />
    <property name="mod.ejbca-entity.path" location="${mod.path}/ejbca-entity" />
    <property name="mod.ejbca-entity.lib" location="${mod.dist.path}/ejbca-entity.jar" />
    <property name="mod.ejbca-db-cli.dist" location="${ejbca.dist.path}/ejbca-db-cli" />
    <property name="mod.ejbca-db-cli.lib" location="${mod.ejbca-db-cli.dist}/ejbca-db-cli.jar" />
    <property name="mod.cesecore-common.path" location="${mod.path}/cesecore-common" />
    <property name="mod.cesecore-common.lib" location="${mod.dist.path}/cesecore-common.jar" />
    <property name="mod.cesecore-cvcca.path" location="${mod.path}/cesecore-cvcca" />
    <property name="mod.cesecore-cvcca.lib" location="${mod.dist.path}/cesecore-cvcca.jar" />
    <property name="mod.cesecore-entity.path" location="${mod.path}/cesecore-entity" />
    <property name="mod.cesecore-entity.lib" location="${mod.dist.path}/cesecore-entity.jar" />
    <property name="mod.cesecore-ejb.path" location="${mod.path}/cesecore-ejb" />
    <property name="mod.cesecore-ejb.lib" location="${mod.dist.path}/cesecore-ejb.jar" />
    <property name="mod.cesecore-ejb-interface.path" location="${mod.path}/cesecore-ejb-interface" />
    <property name="mod.cesecore-ejb-interface.lib" location="${mod.dist.path}/cesecore-ejb-interface.jar" />
    <property name="mod.cesecore-other-entity.lib" location="${mod.dist.path}/cesecore-other-entity.jar" />
    <property name="mod.cesecore-other-ejb.lib" location="${mod.dist.path}/cesecore-other-ejb.jar" />
    <property name="mod.cesecore-other-ejb-interface.lib" location="${mod.dist.path}/cesecore-other-ejb-interface.jar" />
    <property name="mod.cesecore-x509ca.path" location="${mod.path}/cesecore-x509ca" />
    <property name="mod.cesecore-x509ca.lib" location="${mod.dist.path}/cesecore-x509ca.jar" />
    <property name="mod.ejbca-ejb.lib" location="${mod.dist.path}/ejbca-ejb.jar" />
    <property name="mod.ejbca-ejb.path" location="${mod.path}/ejbca-ejb" />
    <property name="mod.ejbca-ejb-cli.dist" location="${ejbca.dist.path}/ejbca-ejb-cli" />
    <property name="mod.ejbca-ejb-cli.lib" location="${mod.ejbca-ejb-cli.dist}/ejbca-ejb-cli.jar" />
    <property name="mod.ejbca-ejb-cli.path" location="${mod.path}/ejbca-ejb-cli" />
    <property name="mod.ejbca-ejb-interface.path" location="${mod.path}/ejbca-ejb-interface" />
	<property name="mod.ejbca-ejb-interface.lib" location="${mod.dist.path}/ejbca-interface.jar" />
    <property name="mod.ejbca-common.lib" location="${ejbca.dist.path}/ejbca-common.jar" />
    <property name="mod.ejbca-common-web.lib" location="${mod.dist.path}/ejbca-common-web.jar" />
	<property name="mod.ejbca-extensions.lib" location="${mod.dist.path}/ejbca-extensions.jar" />
    <property name="mod.ejbca-properties.lib" location="${mod.dist.path}/ejbca-properties.jar" />
    <property name="mod.ejbca-properties.path" location="${mod.path}/ejbca-properties" />
    <property name="mod.ejbca-ws-cli.dist" location="${ejbca.dist.path}/ejbca-ws-cli" />
	<property name="mod.ejbca-ws-cli.libname" value="ejbca-ws-cli.jar" />
	<property name="mod.ejbca-ws-cli.lib" location="${mod.ejbca-ws-cli.dist}/${mod.ejbca-ws-cli.libname}" />
    <property name="mod.ejbca-ws-cli.path" location="${mod.path}/ejbca-ws-cli" />
   	<property name="mod.ejbca-ws-client.libname" value="ejbca-ws-client.jar" />
   	<property name="mod.ejbca-ws-client.lib" location="${mod.dist.path}/${mod.ejbca-ws-client.libname}" />
    <property name="mod.ejbca-ws-ejb.jar" location="${mod.dist.path}/ejbca-ws-ejb.jar" />
    <property name="mod.ejbca-ws.path" location="${mod.path}/ejbca-ws" />
    <property name="mod.ejbca-ws.lib" location="${mod.dist.path}/ejbca-ws.jar" />
    <property name="mod.ejbca-ws.wsdl" location="${mod.dist.path}/EjbcaWSService.wsdl" />
    <property name="mod.ejbca-ws.wsdl-schema" location="${mod.dist.path}/EjbcaWSService_schema1.xsd" />
    <property name="mod.peerconnector.path" location="${mod.path}/peerconnector"/>
	<property name="mod.peerconnector-cli.lib" location="${mod.dist.path}/peerconnector-cli.jar" />
    <property name="mod.peerconnector-common.lib" location="${mod.dist.path}/peerconnector-common.jar" />
    <property name="mod.peerconnector-ejb.lib" location="${mod.dist.path}/peerconnector-ejb.jar" />
	<property name="mod.peerconnector-interface.lib" location="${mod.dist.path}/peerconnector-interface.jar" />
    <property name="mod.peerconnector-ra.lib" location="${mod.dist.path}/peerconnector-ra.jar" />
    <property name="mod.peerconnector-rar.lib" location="${mod.dist.path}/peerconnector.rar" />
    <property name="mod.peerconnector-war.lib" location="${mod.dist.path}/peerconnector.war" />
    <property name="mod.peerconnector-publ.lib" location="${mod.dist.path}/peerconnector-publ.jar" />
    <property name="mod.acme.path" location="${mod.path}/acme" />
    <property name="mod.acme.war" location="${mod.dist.path}/acme.war" />
    <property name="mod.acme-common.jar" location="${mod.dist.path}/acme-common.jar" />
    <property name="mod.admin-gui.path" location="${mod.path}/admin-gui" />
    <property name="mod.admin-gui.war" location="${mod.dist.path}/adminweb.war" />
    <property name="mod.cmp-war.path" location="${mod.path}/ejbca-cmp-war" />
    <property name="mod.cmp-war.war" location="${mod.dist.path}/cmp.war" />
    <property name="mod.ejbca-cmp-tcp.path" location="${mod.path}/ejbca-cmp-tcp" />
    <property name="mod.ejbca-cmp-tcp.war" location="${mod.dist.path}/ejbca-cmp-tcp.war" />
    <property name="mod.healthcheck-war.path" location="${mod.path}/healthcheck-war" />
    <property name="mod.healthcheck-war.war" location="${mod.dist.path}/healthcheck.war" />
    <property name="mod.clearcache-war.path" location="${mod.path}/clearcache-war" />
    <property name="mod.clearcache-war.war" location="${mod.dist.path}/clearcache.war" />
    <property name="mod.publicweb-gui.path" location="${mod.path}/publicweb-gui" />
    <property name="mod.publicweb-gui.war" location="${mod.dist.path}/publicweb.war" />
    <property name="mod.va.path" location="${mod.path}/va" />
    <property name="mod.plugins.path" location="${mod.path}/plugins-ee" />
    <property name="mod.status.war" location="${mod.dist.path}/status.war" />
    <property name="mod.certstore.war" location="${mod.dist.path}/certstore.war" />
    <property name="mod.cerstore.path" location="${mod.path}/certificatestore" />
    <property name="mod.crlstore.war" location="${mod.dist.path}/crlstore.war" />
    <property name="mod.crlstore.path" location="${mod.path}/crlstore" />
    <property name="mod.renew-war.path" location="${mod.path}/ejbca-renew-war" />
    <property name="mod.renew-war.war" location="${mod.dist.path}/renew.war" />
    <property name="mod.scep-war.path" location="${mod.path}/ejbca-scep-war" />
    <property name="mod.scep-war.war" location="${mod.dist.path}/scep.war" />
    <property name="mod.webdist-war.path" location="${mod.path}/ejbca-webdist-war" />
    <property name="mod.webdist-war.war" location="${mod.dist.path}/webdist.war" />
    <property name="mod.cesecore-p11.dist" location="${ejbca.dist.path}/ext" />
    <property name="mod.cesecore-p11.path" location="${mod.path}/cesecore-p11" />
    <property name="mod.clientToolBox.dist" location="${ejbca.dist.path}/clientToolBox" />
    <property name="mod.clientToolBox.lib" location="${mod.clientToolBox.dist}/clientToolBox.jar" />
    <property name="mod.clientToolBox.path" location="${mod.path}/clientToolBox" />
    <property name="mod.validationtool.dist" location="${ejbca.dist.path}/validationtool" />
    <property name="mod.validationtool.srcdist" location="${ejbca.dist.path}/validationtool-src" />
    <property name="mod.validationtool.lib" location="${mod.validationtool.dist}/ValidationTool.jar" />
    <property name="mod.validationtool.path" location="${mod.path}/validationtool" />
    <property name="mod.oldlogexport.dist" location="${ejbca.dist.path}/oldlogexport-cli" />
    <property name="mod.oldlogexport.lib" location="${mod.oldlogexport.dist}/oldlogexport-cli.jar" />
    <property name="mod.oldlogexport.path" location="${mod.path}/oldlogexport-cli" />
    <property name="mod.cmpTcpProxy.dist" location="${ejbca.dist.path}/cmpTcpProxy" />
    <property name="mod.cmpHttpProxy.dist" location="${ejbca.dist.path}/cmpHttpProxy" />
    <property name="mod.cmpProxy.path" location="${mod.path}/cmpProxy" />
    <property name="mod.externalra.path" location="${mod.path}/externalra" />
    <property name="mod.externalra.lib" location="${mod.dist.path}/externalra.jar" />
    <property name="mod.externalra-cli.path" location="${ejbca.dist.path}/externalra-cli" />
    <property name="mod.externalra-cli.lib" location="${mod.externalra-cli.path}/externalra-cli.jar" />
    <property name="mod.externalra-gui.path" location="${mod.path}/externalra-gui" />
    <property name="mod.externalra-gui.dist" location="${ejbca.dist.path}/externalra-gui" />
    <property name="mod.externalra-gui.war" location="${mod.externalra-gui.dist}/externalra-gui.war" />
    <property name="mod.externalra-service.lib" location="${mod.dist.path}/externalra-service.jar" />
    <property name="mod.externalra-datasources.dist" location="${ejbca.dist.path}/datasources" />
    <property name="mod.externalra-scep.path" location="${mod.path}/externalra-scep" />
    <property name="mod.externalra-scep.war" location="${ejbca.dist.path}/scepraserver.war" />
    <property name="mod.batchenrollment-gui.path" location="${mod.path}/batchenrollment-gui" />
    <property name="mod.appserver-ext.path" location="${mod.path}/appserver-ext" />
    <property name="mod.logsigning.lib" location="${ejbca.dist.path}/ejbcalogsigning.jar" />
    <property name="mod.jbosslog4jsafer.lib" location="${mod.dist.path}/jbosslog4jsafer.jar" />
	<property name="mod.scep-ra.path" location="${mod.path}/scep-ra" />
	<property name="mod.scep-ra.lib" location="${mod.dist.path}/scep-ra.jar" />
	<property name="mod.statedump.dist" location="${ejbca.dist.path}/statedump" />
	<property name="mod.statedump.lib" location="${mod.statedump.dist}/statedump.jar" />
	<property name="mod.statedump.path" location="${mod.path}/statedump" />
	<property name="mod.statedump-common.lib" location="${mod.dist.path}/statedump-common.jar" />
	<property name="mod.statedump-ejb.lib" location="${mod.dist.path}/statedump-ejb.jar" />
	<property name="mod.configdump.dist" location="${ejbca.dist.path}/configdump" />
	<property name="mod.configdump.lib" location="${mod.configdump.dist}/configdump.jar" />
	<property name="mod.configdump.path" location="${mod.path}/configdump" />
	<property name="mod.configdump-common.lib" location="${mod.dist.path}/configdump-common.jar" />
	<property name="mod.configdump-ejb.lib" location="${mod.dist.path}/configdump-ejb.jar" />
	<property name="mod.unidfnr.dist" location="${ejbca.dist.path}/unidfnr" />
	<property name="mod.unidfnr.path" location="${mod.path}/unidfnr" />
	<property name="mod.unidfnr-ejb.lib" location="${mod.dist.path}/unidfnr-ejb.jar" />
	<property name="mod.unidfnr-interface.lib" location="${mod.dist.path}/unidfnr-interface.jar" />
	<property name="mod.cmpclient.dist" location="${ejbca.dist.path}/cmpclient" />
	<property name="mod.cmpclient.lib" location="${mod.cmpclient.dist}/cmpclient.jar" />
	<property name="mod.cmpclient.path" location="${mod.path}/cmpclient" />
	<property name="mod.p11ng-cli.dist" location="${ejbca.dist.path}/p11ng-cli" />
	<property name="mod.p11ng-cli.lib" location="${mod.p11ng-cli.dist}/p11ng-cli.jar" />
	<property name="mod.p11ng-cli.path" location="${mod.path}/p11ng-cli" />
	<property name="mod.cli-util.dist" location="${mod.dist.path}/" />
	<property name="mod.cli-util.lib" location="${mod.cli-util.dist}/cli-util.jar" />
	<property name="mod.cli-util.path" location="${mod.path}/cli-util" />
	<property name="mod.ct.path" location="${mod.path}/ct" />
	<property name="mod.ct.lib" location="${mod.dist.path}/ct.jar" />
	<property name="mod.edition-specific-interface.path" location="${mod.path}/edition-specific"/>
	<property name="mod.edition-specific-interface.lib" location="${mod.dist.path}/edition-specific-interface.jar"/>
	<property name="mod.edition-specific-ejb.lib" location="${mod.dist.path}/edition-specific-ejb.jar"/>
	<property name="mod.edition-specific-ee-ejb.path" location="${mod.path}/edition-specific-ee"/>
	<property name="mod.plugins-ee.lib"  location="${mod.dist.path}/plugins-ee.jar"/>
	<property name="mod.systemtest-src-test.path" location="${mod.path}/systemtests/src-test" />
	<property name="mod.systemtest-interface.lib" location="${mod.dist.path}/systemtests-interfaces.jar" />
	<property name="mod.systemtest-common.lib" location="${mod.dist.path}/systemtests-common.jar" />
	<property name="mod.systemtest-ejb.lib" location="${mod.dist.path}/systemtests-ejb.jar" />
	<property name="mod.ra-gui.path" location="${mod.path}/ra-gui" />
	<property name="mod.ra-gui.war" location="${mod.dist.path}/ra-gui.war" />
	<property name="mod.caa.path" location="${mod.path}/caa" />
	<property name="mod.caa.lib" location="${mod.dist.path}/caa.jar" />
	<property name="mod.dist.caa-cli.dir" location="${ejbca.dist.path}/caa-cli"/>
	<property name="mod.caa-cli.lib" location="${mod.dist.caa-cli.dir}/caa-cli.jar" />
    <property name="mod.est-war.path" location="${mod.path}/est" />
    <property name="mod.est.war" location="${mod.dist.path}/est.war" />
    <property name="mod.webtest.path" location="${mod.path}/ejbca-webtest"/>
    <property name="mod.ejbca-rest-api.path" location="${mod.path}/ejbca-rest-api" />
    <property name="mod.ejbca-rest-common.path" location="${mod.path}/ejbca-rest-common" />
    <property name="mod.ejbca-rest-common.lib" location="${mod.dist.path}/ejbca-rest-common.jar" />
    <property name="mod.ejbca-rest-cryptotoken.path" location="${mod.path}/ejbca-rest-cryptotoken" />
    <property name="mod.ejbca-rest-cryptotoken.lib" location="${mod.dist.path}/ejbca-rest-cryptotoken.jar" />
    <property name="mod.ejbca-rest-camanagement.path" location="${mod.path}/ejbca-rest-camanagement" />
    <property name="mod.ejbca-rest-camanagement.lib" location="${mod.dist.path}/ejbca-rest-camanagement.jar" />
	<property name="mod.ejbca-rest-endentity.path" location="${mod.path}/ejbca-rest-endentity" />
	<property name="mod.ejbca-rest-endentity.lib" location="${mod.dist.path}/ejbca-rest-endentity.jar" />
    <property name="mod.ejbca-rest-api.war" location="${mod.dist.path}/ejbca-rest-api.war" />
    <property name="swagger-ui.war" location="${ejbca.home}/lib/swagger/swagger-ui.war" />
	<property name="mod.ssh.path" location="${mod.path}/ssh" />
	<property name="mod.ssh.lib" location="${mod.dist.path}/ejbca-ssh.jar" />
	<property name="mod.ssh.war" location="${mod.dist.path}/ssh.war" />
	
    <!-- Variables of global interest -->
    <property name="java.target.version" value="${java.specification.version}"/>
	<property name="externalra.enabled" value="false"/>
	<property name="ejbcaws.enabled" value="true" />
	<condition property="ejbcaws.enabled.true"><istrue value="${ejbcaws.enabled}"/></condition>
	<condition property="externalra.enabled.true">
		<and>
			<istrue value="${externalra.enabled}"/>
			<available file="${mod.externalra.path}/build.xml" />
		</and>
	</condition>

	<!-- Files of global interest -->
	<!-- Depends on load of propertyDefaults.xml...therefore put in the end
    <property name="jndi.properties.file" location="${ejbca.home}/conf/jndi.properties.${appserver.type}" />
    -->
    <property name="profilemappings.properties.file" location="${ejbca.home}/src/java/profilemappings.properties" />
    <property name="profilemappings_enterprise.properties.file" location="${ejbca.home}/src/java/profilemappings_enterprise.properties" />
    <property name="log4j.test.file" location="${mod.common.path}/resources/log4j-test.xml" />
    <property name="log4j.cli.file" location="${mod.common.path}/resources/log4j-cli.xml" />
    <property name="internal.properties.file" location="${ejbca.home}/src/internal.properties" />
    <property name="defaultvalues.properties.file" location="${ejbca.home}/src/java/defaultvalues.properties" />
	<property name="systemtests.properties.file" location="${ejbca.home}/conf/systemtests.properties"/>
	<property name="jquery.file" location="${ejbca.home}/lib/jquery/jquery.min.js" />
    
	<!-- Define class-paths of global interest -->
	<path id="lib.cert-cvc.classpath">
		<fileset dir="${ejbca.home}/lib"> 
			<include name="cert-cvc-*.jar"/>
		</fileset>
	</path>

	<path id="lib.junit.classpath">
		<fileset dir="${ejbca.home}/lib/ext">
			<!--
			Include hamcrest-core before JUnit, as JUnit itself brings along its own version of Hamcrest as a transitive dependency.
			Reference: https://tedvinke.wordpress.com/2013/12/17/mixing-junit-hamcrest-and-mockito-explaining-nosuchmethoderror/
			-->
			<include name="hamcrest-core-*.jar"/>
			<include name="junit-*.jar"/>
		</fileset>
		<fileset dir="${ejbca.home}/lib">
			<include name="httpcore-*.jar"/>
			<include name="httpclient-*.jar"/>
			<include name="httpmime-*.jar"/>
		</fileset>
	</path>

	<path id="lib.system-rules.classpath">
		<fileset dir="${ejbca.home}/lib/ext">
			<include name="system-rules-*.jar"/>
		</fileset>
	</path>
	
	<path id="lib.easymock.classpath">
        <!-- this is for cglib and objenesis, so we don't have to duplicate those jars -->
		<fileset dir="${ejbca.home}/lib/ext/test/powermock">
			<include name="cglib-nodep*.jar"/>
            <include name="objenesis-*.jar"/>
		</fileset>
		<!-- TODO To support legacy references, use lib.test.classpath instead of lib.easymock.classpath -->
		<fileset dir="${ejbca.home}/lib/ext/test">
			<include name="easymock-*.jar"/>
		</fileset>
	</path>

	<path id="lib.test.classpath">
		<fileset dir="${ejbca.home}/lib/ext/test">
			<include name="*.jar"/>
		</fileset>
	</path>

	<path id="lib.test.powermock.classpath">
		<fileset dir="${ejbca.home}/lib/ext/test/powermock">
			<include name="*.jar"/>
		</fileset>
	</path>

    <mkdir dir="${ejbca.home}/lib/ext/resteasy-jaxrs-lib"/> <!-- Avoid failure when this directory is excluded from a release. -->
	<path id="lib.resteasy-jaxrs.classpath">
		<fileset dir="${ejbca.home}/lib/ext/resteasy-jaxrs-lib">
			<include name="geronimo-osgi-locator-1.1.jar"/>
			<include name="reactive-streams-1.*.jar"/>
			<include name="resteasy-client-3.*.jar"/>
			<include name="resteasy-jackson2-provider-3.*.jar"/>
			<include name="resteasy-jaxrs-3.*.jar"/>
			<include name="scannotation-1.0.3.jar"/>
			<include name="json-patch-1.*.jar"/>
			<include name="tjws-3.*.jar"/>
			<include name="javax.ws.rs-api-2.*.jar"/>
		</fileset>
		<fileset dir="${ejbca.home}/lib/ext/jackson2">
			<include name="jackson-jaxrs-base-2.*.jar"/>
			<include name="jackson-jaxrs-json-provider-2.*.jar"/>
			<include name="jackson-module-jaxb-annotations-2.*.jar"/>
		</fileset>
	</path>

	<mkdir dir="${ejbca.home}/lib/ext/swagger"/> <!-- Avoid failure when this directory is excluded from a release. -->
	<path id="lib.swagger.classpath">
		<fileset dir="${ejbca.home}/lib/ext/swagger" includes="*.jar"/>
	</path>

    <mkdir dir="${ejbca.home}/lib/ext/jackson2"/> <!-- Avoid failure when this directory is excluded from a release. -->
	<path id="lib.jackson2.classpath">
		<fileset dir="${ejbca.home}/lib/ext/jackson2">
			<include name="jackson-annotations-2.*.jar"/>
			<include name="jackson-databind-2.*.jar"/>
			<include name="jackson-core-2.*.jar"/>
			<include name="jackson-dataformat-yaml-2.*.jar"/>
		</fileset>
	</path>

	<path id="lib.jboss-logging.classpath">
        <fileset dir="${ejbca.home}/lib/hibernate">
            <include name="*.jar"/>
            <exclude name="*-javadoc.jar"/>
            <exclude name="*-sources.jar"/>
        </fileset>
	</path>
	
	<path id="lib.log4j.classpath"><fileset dir="${ejbca.home}/lib" includes="log4j*.jar"/></path>
	<path id="lib.slf4jlog4j.classpath"><fileset dir="${ejbca.home}/lib/ext" includes="slf4j-log4j*.jar"/></path>
	<path id="lib.slf4japi.classpath"><fileset dir="${ejbca.home}/lib/ext" includes="slf4j-api*.jar"/></path>
	<path id="lib.commons-lang.classpath"><fileset dir="${ejbca.home}/lib" includes="commons-lang-*.jar"/></path>
	<path id="lib.commons-lang3.classpath"><fileset dir="${ejbca.home}/lib" includes="commons-lang3-*.jar"/></path>
	<path id="lib.commons-text.classpath">
		<!-- Needed for commons-text -->
		<path refid="lib.commons-lang3.classpath" />
		<fileset dir="${ejbca.home}/lib" includes="commons-text-*.jar"/>
	</path>
	<path id="lib.commons-beanutils.classpath"><fileset dir="${ejbca.home}/lib" includes="commons-beanutils-*.jar"/></path>
	<path id="lib.commons-codec.classpath"><fileset dir="${ejbca.home}/lib" includes="commons-codec-*.jar"/></path>
	<path id="lib.commons-config.classpath"><fileset dir="${ejbca.home}/lib" includes="commons-configuration-*.jar"/></path>
	<path id="lib.commons-collections.classpath"><fileset dir="${ejbca.home}/lib" includes="commons-collections-*.jar"/></path>
	<path id="lib.commons-collections4.classpath"><fileset dir="${ejbca.home}/lib" includes="commons-collections4-*.jar"/></path>
	<path id="lib.commons-logging.classpath"><fileset dir="${ejbca.home}/lib" includes="commons-logging*.jar"/></path>
	<path id="lib.commons-el.classpath"><fileset dir="${ejbca.home}/lib" includes="commons-el-*.jar"/></path>
	<path id="lib.commons-fileupload.classpath"><fileset dir="${ejbca.home}/lib" includes="commons-fileupload-*.jar"/></path>
	<path id="lib.hc.classpath"><fileset dir="${ejbca.home}/lib" includes="httpcore-*.jar httpclient-*.jar httpmime-*.jar"/></path>
	<path id="lib.commons-io.classpath"><fileset dir="${ejbca.home}/lib" includes="commons-io-*.jar"/></path>
	<path id="lib.batik.classpath"><fileset dir="${ejbca.home}/lib/batik" includes="*.jar"/></path>
	<path id="lib.mail.classpath">
		<fileset dir="${ejbca.home}/lib/ext" includes="mailapi.jar"/>
	</path>
	<path id="lib.jsch.classpath"><fileset dir="${ejbca.home}/lib" includes="jsch-*.jar"/></path>
	<path id="lib.tomahawk.classpath"><fileset dir="${ejbca.home}/lib/myfaces" includes="tomahawk-*.jar"/></path>
	<path id="lib.owaspcsrfguard.classpath"><fileset dir="${ejbca.home}/lib/" includes="csrfguard-*.jar"/></path>
	<path id="lib.ldap.classpath"><fileset dir="${ejbca.home}/lib" includes="ldap.jar"/></path>
	<path id="lib.xstream.classpath"><fileset dir="${ejbca.home}/lib/xstream" includes="*.jar"/></path>
	<path id="lib.xmlpull.classpath">
		<fileset dir="${ejbca.home}/lib/xstream" includes="xmlpull-*.jar"/>
		<fileset dir="${ejbca.home}/lib/xstream" includes="xpp3_min-*.jar"/>
	</path>
	<path id="lib.quickserver.classpath"><fileset dir="${ejbca.home}/lib/quickserver" includes="QuickServer.jar"/></path>
	<path id="lib.json-simple.classpath"><fileset dir="${ejbca.home}/lib" includes="json-simple-*.jar"/></path>
	<path id="lib.snakeyaml.classpath"><fileset dir="${ejbca.home}/lib" includes="snakeyaml*.jar"/></path>
	<path id="lib.nimbus-jose-jwt.classpath"><fileset dir="${ejbca.home}/lib/" includes="nimbus-jose-jwt-*.jar"/></path>
	<path id="lib.json-smart.classpath"><fileset dir="${ejbca.home}/lib/" includes="json-smart-*.jar"/></path>
	<path id="lib.dnsjava.classpath"><fileset dir="${ejbca.home}/lib" includes="dnsjava-*.jar"/></path>
	<path id="lib.dnssecjava.classpath"><fileset dir="${ejbca.home}/lib" includes="dnssecjava-*.jar"/></path>
	<path id="lib.guava.classpath"><fileset dir="${ejbca.home}/lib" includes="guava-*.jar"/></path>
	<path id="lib.jacknji.classpath"><fileset dir="${ejbca.home}/lib/ext" includes="jacknji11-*.jar"/></path>
	<path id="lib.jna.classpath"><fileset dir="${ejbca.home}/lib/" includes="jna-*.jar"/></path>
	<path id="lib.utils.classpath">
		<fileset dir="${ejbca.home}/lib">
			<include name="commons-*.jar"/>
			<include name="log4j*.jar"/>
		</fileset>
	</path>

	<path id="lib.javaxejb.classpath">
		<fileset dir="${ejbca.home}/lib/jee" includes="javaee-api-7.0-*.jar"/>
		<fileset dir="${ejbca.home}/lib/jee" includes="jaxb-api-*.jar"/>
	</path>

	<!-- Remote EJB requires application specific implementation to be available -->
	<path id="lib.jee-client.classpath">
		<fileset dir="${appserver.home}">
			<!-- JBoss 7.1.1 and EAP 6.0 for remote EJB ...-->
			<include name="bin/client/jboss-client*.jar"/>
			<!-- Glassfish 3.1 -->
			<include name="lib"/>
			<include name="lib/gf-client.jar"/>
			<include name="lib/jndi-properties.jar"/>
			<!-- FIXME These are supposed to be loaded automatically by gf-client. Why doens't that work? -->
			<include name="modules/*.jar"/>
			<!-- Glassfish 4.0 -->
			<include name="glassfish/lib/gf-client.jar"/>			
			<include name="glassfish/lib/jndi.properties.jar"/>			
		</fileset>
		<fileset dir="${ejbca.home}">
			<include name="lib/jee-client/*.jar"/>
		</fileset>
	</path>

	<path id="lib.jee.classpath">
		<fileset dir="${ejbca.home}/lib/jee" includes="javaee-api-7.0-*.jar"/>
		<fileset dir="${ejbca.home}/lib/jee" includes="jaxb-api-*.jar"/>
	</path>

    <!-- Client jars needed din order to run a WS client on Java 9 and later where the WS stack is not part of the SDK -->
    <path id="soapclient.classpath">
        <fileset dir="${ejbca.home}/lib/jee">
            <include name="javaee-api*.jar"/>
        </fileset>
        <fileset dir="${ejbca.home}/lib/jee/soapclient">
            <include name="*.jar"/>
        </fileset>
        <fileset dir="${ejbca.home}/lib/ext">
            <include name="geronimo-osgi-locator*.jar"/>
        </fileset>
    </path>

	<path id="lib.servicemanifestbuilder.classpath">
		<fileset dir="${ejbca.home}/lib/ext" includes="servicemanifestbuilder*.jar"/>
	</path>

	<path id="lib.servlet.classpath">
		<fileset dir="${ejbca.home}/lib/jee" includes="javaee-api-7.0-*.jar"/>
	</path>

	<path id="lib.jsf.classpath">
		<fileset dir="${ejbca.home}/lib/jee" includes="myfaces-api-*.jar"/>
	</path>
	
	<path id="lib.jsp.classpath">
		<fileset dir="${ejbca.home}/lib/jee" includes="javaee-api-7.0-*.jar"/>
	</path>
	
	<path id="lib.cesecore-common.classpath"><fileset file="${mod.cesecore-common.lib}"/></path>

	<path id="lib.ejbca-common.classpath">
		<path refid="lib.cert-cvc.classpath"/>
		<path refid="lib.cesecore-common.classpath"/>
    	<path location="${mod.ejbca-common.lib}"/>
	</path>

	<path id="lib.ejbca-ws.classpath">
		<path location="${mod.ejbca-ws.lib}"/>
	</path>

	<path id="lib.ejbca-common-web.classpath">
    	<path refid="lib.ejbca-common.classpath"/>
    	<pathelement location="${mod.ejbca-ejb-interface.lib}"/>
		<pathelement location="${mod.cesecore-ejb-interface.lib}"/>
    	<pathelement location="${mod.ejbca-common-web.lib}"/>
	</path>

	<path id="lib.bouncycastle-provonly.classpath"><fileset dir="${ejbca.home}/lib"><include name="bcprov-jdk15on-*.jar"/></fileset></path>
	<path id="lib.bouncycastle-mailonly.classpath"><fileset dir="${ejbca.home}/lib"><include name="bcpkix-jdk15on-*.jar"/></fileset></path>
	<path id="lib.bouncycastle-tlsonly.classpath"><fileset dir="${ejbca.home}/lib"><include name="bctls-jdk15on-*.jar"/></fileset></path>
	<path id="lib.bouncycastle.classpath">
		<path refid="lib.bouncycastle-provonly.classpath"/>
		<path refid="lib.bouncycastle-mailonly.classpath"/>
        <path refid="lib.bouncycastle-tlsonly.classpath"/>
	</path>

	<path id="lib.jpa.classpath">
        <fileset dir="${ejbca.home}/lib/hibernate">
            <include name="antlr-*.jar"/>
        	<include name="byte-buddy*.jar"/>
            <include name="classmate*.jar"/>
            <include name="dom4j-*.jar"/>
        	<include name="FastInfoset*.jar"/>
            <include name="hibernate-commons-annotations-*.jar"/>
            <include name="hibernate-core-*.jar"/>
        	<include name="istack-commons-runtime*.jar"/>
        	<include name="jandex*.jar"/>
            <include name="javassist-*.jar"/>
        	<include name="javax.activation*.jar"/>
        	<include name="javax.persistence*.jar"/>
            <include name="jaxb-api*.jar"/>
        	<include name="jaxb-runtime*.jar"/>
            <include name="jboss-logging-*.jar"/>
            <include name="jboss-transaction-api*.jar"/>
        	<include name="stax-ex*.jar"/>
        	<include name="txw2*.jar"/>
        </fileset>
	<fileset dir="${ejbca.home}/lib/jee" includes="jaxb-api-*.jar"/>
	</path>

	<path id="lib.clientToolBox.classpath">
        <path location="${mod.clientToolBox.dist}/properties" />
        <path location="${mod.clientToolBox.lib}" />
        <path>
			<fileset dir="${mod.clientToolBox.dist}/lib" includes="*.jar" />
		</path>
	</path>

	<path id="lib.cmpTcpProxy.classpath">
        <path location="${mod.cmpTcpProxy.dist}/properties" />
        <path location="${mod.cmpTcpProxy.lib}" />
        <path>
			<fileset dir="${mod.cmpTcpProxy.dist}/lib" includes="*.jar" />
		</path>
	</path>
	
	<!-- Certificate Transparency -->
    <mkdir dir="${ejbca.home}/lib/ct"/> <!-- Avoid failure when this directory is excluded from a release. -->
	<path id="lib.ctlog.classpath">
		<path refid="lib.commons-codec.classpath"/>
		<path refid="lib.json-simple.classpath"/>
		<path refid="lib.hc.classpath"/>
	    <fileset dir="${ejbca.home}/lib/ct">
	        <include name="ctlog-*.jar"/>
	        <include name="protobuf-java-*.jar"/>
        </fileset>
    </path>
	
	<path id="lib.intune.classpath">
	    <fileset dir="${ejbca.home}/lib/intune">
	        <include name="adal4j-*.jar"/>
	    	<include name="csr-validation-*.jar"/>
	    	<include name="json-*.jar"/>
	    	<include name="oauth2-oidc-sdk-*.jar"/>
        </fileset>
	</path>
            	
            	

    <!-- Now when everything is set up, we can load the old property defaults -->
    <condition property="jndi.properties.file" value="${ejbca.home}/conf/jndi.properties.${appserver.subtype}">
        <available file="${ejbca.home}/conf/jndi.properties.${appserver.subtype}"/>
    </condition>
    <property name="jndi.properties.file" location="${ejbca.home}/conf/jndi.properties.${appserver.type}" />
    <!-- jboss-ejb-client.properties is only used in JBoss 7 (or higher?), but it does not hurt to simply copy it for earlier versions either -->
    <property name="jboss-ejb-client.properties" location="${ejbca.home}/src/appserver/jboss/jboss7/jboss-ejb-client.properties" />
	<!-- This is mainly useful for debugging and normally not needed
	<echo message="jndi.properties.file: ${jndi.properties.file}"/>
	-->
	
	<!-- Is peerconnector available -->
	<condition property="mod.peerconnector.exists">
		<available file="${mod.peerconnector.path}/build.xml" />
    </condition>
	<condition property="mod.peerconnector-rar.exists">
		<and>
			<available file="${mod.peerconnector.path}/build.xml"/>
			<not>
				<istrue value="${peerconnector.rar.disabled}"/>
			</not>
		</and>
    </condition>
	
    <condition property="mod.cesecore-x509ca.exists">
        <available file="${mod.cesecore-x509ca.path}/build.xml" />
    </condition>
	
    <condition property="mod.cesecore-cvcca.exists">
        <available file="${mod.cesecore-cvcca.path}/build.xml" />
    </condition>
    
    <condition property="mod.va.exists">
        <available file="${mod.va.path}/build.xml" />
    </condition>
        
	<condition property="mod.externalra.exists">
		<available file="${mod.externalra.path}/build.xml" />
    </condition>
	
	<condition property="mod.externalra-scep.exists">
		<available file="${mod.externalra-scep.path}/build.xml" />
    </condition>

	<condition property="ejbca-db-cli.available">
		<available file="${mod.ejbca-entity.path}/src-cli/org" type="dir"/>
	</condition>
	
    <condition property="mod.ejbca-rest-api.exists">
        <available file="${mod.ejbca-rest-api.path}/build.xml"/>
    </condition>
	
    <condition property="mod.ejbca-rest-common.exists">
        <available file="${mod.ejbca-rest-common.path}/build.xml"/>
    </condition>
	
    <condition property="mod.ejbca-rest-cryptotoken.exists">
        <available file="${mod.ejbca-rest-cryptotoken.path}/build.xml"/>
    </condition>
	
    <condition property="mod.ejbca-rest-camanagement.exists">
        <available file="${mod.ejbca-rest-camanagement.path}/build.xml"/>
    </condition>
	
    <condition property="mod.ejbca-rest-endentity.exists">
        <available file="${mod.ejbca-rest-endentity.path}/build.xml"/>
    </condition>
    
    <condition property="mod.statedump.exists">
        <available file="${mod.statedump.path}/build.xml" />
    </condition>
	
    <condition property="mod.configdump.exists">
        <available file="${mod.configdump.path}/build.xml" />
    </condition>
	
    <condition property="mod.unidfnr.exists">
        <available file="${mod.unidfnr.path}/build.xml" />
    </condition>

    <condition property="mod.unidfnr.enabled">
      <and>
	<available file="${mod.unidfnr.path}/build.xml"/>
	<istrue value="${unidfnr.enabled}"/>
      </and>
    </condition>
    
    <condition property="mod.est.exists">
        <available file="${mod.est-war.path}/build.xml" />
    </condition>

	<condition property="mod.ssh.exists">
		<available file="${mod.ssh.path}/build.xml" />
	</condition>
	
    <condition property="mod.acme.exists">
    	<available file="${mod.acme.path}/build.xml"/>
    </condition>
    
    <condition property="variant.va.enabled">
        <available file="${mod.va.path}/src-war/org/ejbca/ui/web/protocol/OCSPServlet.java"/>
    </condition>
    
    <condition property="variant.ra.enabled">
		<available file="${mod.ra-gui.path}/build.xml"/>
    </condition>
    
    <condition property="status.war.enabled" value="true">
        <and>
            <istrue value="${ocsp.enabled}"/>
            <istrue value="${variant.va.enabled}"/>
        </and>
    </condition>
    
    <condition property="swagger-ui.exists">
        <and>
        	<available file="${swagger-ui.war}"/>
        	<or>
    		   <equals arg1="${mod.ejbca-rest-api.exists}" arg2="true" casesensitive="false"/>
    		   <equals arg1="${mod.acme.exists}" arg2="true" casesensitive="false"/>
        	</or>
            <!-- Exclude Swagger UI in production mode builds. -->
            <equals arg1="${ejbca.productionmode}" arg2="false" casesensitive="false"/>
        </and>
    </condition>

	<condition property="mod.caa.exists">
		<available file="${mod.caa.path}/build.xml" />
    </condition>
	
	<condition property="mod.ct.exists">
		<available file="${mod.ct.path}/build.xml" />
    </condition>

	<condition property="mod.webtest.exists">
		<available file="${mod.webtest.path}/build.xml" />
	</condition>

</project>
