<?xml version="1.0" encoding="UTF-8"?>
<!--
/*************************************************************************
 *                                                                       *
 *  EJBCA: The OpenSource Certificate Authority                          *
 *                                                                       *
 *  This software is free software; you can redistribute it and/or       *
 *  modify it under the terms of the GNU Lesser General Public           *
 *  License as published by the Free Software Foundation; either         *
 *  version 2.1 of the License, or any later version.                    *
 *                                                                       *
 *  See terms of license at gnu.org.                                     *
 *                                                                       *
 *************************************************************************/

 version: $Id$
 -->
<web-app version="3.1" id="certstore"
    metadata-complete="false"
    xmlns:xsi="http://www.w3.org/2001/XMLSchema-instance" 
    xmlns="http://xmlns.jcp.org/xml/ns/javaee"
    xsi:schemaLocation="http://xmlns.jcp.org/xml/ns/javaee
                        http://xmlns.jcp.org/xml/ns/javaee/web-app_3_1.xsd">

    <description><![CDATA[Certificate Store]]></description>

    <filter>
        <filter-name>ServiceControlFilter</filter-name>
        <filter-class>org.ejbca.util.ServiceControlFilter</filter-class>
        <init-param>  
            <param-name>serviceName</param-name>  
            <param-value>Certstore</param-value>  
        </init-param>
    </filter>
    
    <filter-mapping>
        <filter-name>ServiceControlFilter</filter-name>
        <url-pattern>/*</url-pattern>
    </filter-mapping>

    <servlet>
        <description><![CDATA[Fetches certificates according to rfc4378]]></description>
        <display-name>CertStoreServlet</display-name>
        <servlet-name>CertificateStore</servlet-name>
        <servlet-class>org.ejbca.ui.web.protocol.CertStoreServlet</servlet-class>
        <load-on-startup>99</load-on-startup>
    </servlet>

    <servlet-mapping>
        <servlet-name>CertificateStore</servlet-name>
        <url-pattern>/search.cgi</url-pattern>
    </servlet-mapping>
    <servlet-mapping>
        <servlet-name>CertificateStore</servlet-name>
        <url-pattern>/search.cgi/*</url-pattern>
    </servlet-mapping>

    <session-config>
        <session-timeout>15</session-timeout>
        <tracking-mode>COOKIE</tracking-mode>
        <cookie-config>
            <http-only>true</http-only>
        </cookie-config>
    </session-config>

    <welcome-file-list>
        <welcome-file>search.cgi</welcome-file>
    </welcome-file-list>

    <security-constraint>
        <web-resource-collection>
            <web-resource-name>restricted methods</web-resource-name>
            <url-pattern>/*</url-pattern>
            <http-method-omission>HEAD</http-method-omission>
            <http-method-omission>GET</http-method-omission>
        </web-resource-collection>
        <auth-constraint />
    </security-constraint> 
</web-app>
