<?xml version='1.0' encoding='UTF-8'?>
<!--
/*************************************************************************
 *                                                                       *
 *  EJBCA: The OpenSource Certificate Authority                          *
 *                                                                       *
 *  This software is free software; you can redistribute it and/or       *
 *  modify it under the terms of the GNU Lesser General Public           *
 *  License as published by the Free Software Foundation; either         *
 *  version 2.1 of the License, or any later version.                    *
 *                                                                       *
 *  See terms of license at gnu.org.                                     *
 *                                                                       *
 *************************************************************************/

 version: $Id$
 -->
<faces-config version="2.2"
    metadata-complete="false"
    xmlns="http://xmlns.jcp.org/xml/ns/javaee"
    xmlns:xsi="http://www.w3.org/2001/XMLSchema-instance"
    xsi:schemaLocation="http://xmlns.jcp.org/xml/ns/javaee
                        http://xmlns.jcp.org/xml/ns/javaee/web-facesconfig_2_2.xsd">

  <managed-bean>
    <managed-bean-name>web</managed-bean-name>
    <managed-bean-class>org.ejbca.ui.web.admin.configuration.EjbcaJSFHelperImpl</managed-bean-class>
    <managed-bean-scope>session</managed-bean-scope>
  </managed-bean>
  <managed-bean>
    <managed-bean-name>approvalActionRequest</managed-bean-name>
    <managed-bean-class>org.ejbca.ui.web.admin.approval.ApproveActionRequestBean</managed-bean-class>
    <managed-bean-scope>request</managed-bean-scope>
  </managed-bean>
  <managed-bean>
    	<managed-bean-name>auditor</managed-bean-name>
    	<managed-bean-class>org.ejbca.ui.web.admin.audit.AuditorManagedBean</managed-bean-class>
    	<managed-bean-scope>session</managed-bean-scope>
  </managed-bean>
  <managed-bean>
    	<managed-bean-name>certProfilesBean</managed-bean-name>
    	<managed-bean-class>org.ejbca.ui.web.admin.certprof.CertProfilesBean</managed-bean-class>
    	<managed-bean-scope>session</managed-bean-scope>
  </managed-bean>
  <managed-bean>
    	<managed-bean-name>certProfileBean</managed-bean-name>
    	<managed-bean-class>org.ejbca.ui.web.admin.certprof.CertProfileBean</managed-bean-class>
    	<managed-bean-scope>view</managed-bean-scope>
  </managed-bean>

  <managed-bean>
    	<managed-bean-name>validatorsBean</managed-bean-name>
    	<managed-bean-class>org.ejbca.ui.web.admin.keys.validation.ValidatorsBean</managed-bean-class>
    	<managed-bean-scope>session</managed-bean-scope>
  </managed-bean>
  <managed-bean>
    	<managed-bean-name>validatorBean</managed-bean-name>
    	<managed-bean-class>org.ejbca.ui.web.admin.keys.validation.ValidatorBean</managed-bean-class>
    	<managed-bean-scope>view</managed-bean-scope>
    	<managed-property>
    	    <property-name>validatorsBean</property-name>
    	    <value>#{validatorsBean}</value>
    	</managed-property>
  </managed-bean>
    <managed-bean>
        <managed-bean-name>userDatasoucesMBean</managed-bean-name>
        <managed-bean-class>org.ejbca.ui.web.admin.rainterface.UserDatasoucesMBean</managed-bean-class>
        <managed-bean-scope>session</managed-bean-scope>
  </managed-bean>
  <managed-bean>
        <managed-bean-name>editUserDatasoucesMBean</managed-bean-name>
        <managed-bean-class>org.ejbca.ui.web.admin.rainterface.EditUserDatasoucesMBean</managed-bean-class>
        <managed-bean-scope>view</managed-bean-scope>
        <managed-property>
            <property-name>userDatasoucesMBean</property-name>
            <value>#{userDatasoucesMBean}</value>
        </managed-property>
  </managed-bean>
  <managed-bean>
    	<managed-bean-name>internalKeyBindingMBean</managed-bean-name>
    	<managed-bean-class>org.ejbca.ui.web.admin.keybind.InternalKeyBindingMBean</managed-bean-class>
    	<managed-bean-scope>session</managed-bean-scope>
  </managed-bean>
  <managed-bean>
    	<managed-bean-name>peerConnectorsMBean</managed-bean-name>
    	<managed-bean-class>org.ejbca.ui.web.admin.peerconnector.PeerConnectorsMBean</managed-bean-class>
    	<managed-bean-scope>session</managed-bean-scope>
  </managed-bean>
  <managed-bean>
    	<managed-bean-name>peerConnectorMBean</managed-bean-name>
    	<managed-bean-class>org.ejbca.ui.web.admin.peerconnector.PeerConnectorMBean</managed-bean-class>
    	<managed-bean-scope>request</managed-bean-scope>
    	<managed-property>
    	    <property-name>peerConnectorsMBean</property-name>
    	    <value>#{peerConnectorsMBean}</value>
    	</managed-property>
  </managed-bean>

  <managed-bean>
        <managed-bean-name>myPreferencesMBean</managed-bean-name>
        <managed-bean-class>org.ejbca.ui.web.admin.mypreferences.MyPreferencesMBean</managed-bean-class>
        <managed-bean-scope>session</managed-bean-scope>
  </managed-bean>


  <validator>
        <validator-id>dummyValidator</validator-id>
        <validator-class>org.ejbca.util.validator.DummyValidator</validator-class>
  </validator>
  <validator>
        <validator-id>legalCharsValidator</validator-id>
        <validator-class>org.ejbca.ui.web.admin.LegalCharsValidator</validator-class>
  </validator>
  <validator>
        <validator-id>multiLineFreeTextValidator</validator-id>
        <validator-class>org.ejbca.ui.web.admin.MultiLineFreeTextValidator</validator-class>
  </validator>
  <validator>
        <validator-id>urlValidator</validator-id>
        <validator-class>org.ejbca.ui.web.admin.UrlValidator</validator-class>
  </validator>
  <validator>
        <validator-id>hexSerialNumberValidator</validator-id>
        <validator-class>org.ejbca.ui.web.admin.HexSerialNumberValidator</validator-class>
  </validator>
  <validator>
        <validator-id>noNegativeNumbersValidator</validator-id>
        <validator-class>org.ejbca.util.validator.NoNegativeNumbersValidator</validator-class>
  </validator>
  <validator>
        <validator-id>optionalHexSerialNumberValidator</validator-id>
        <validator-class>org.ejbca.ui.web.admin.OptionalHexSerialNumberValidator</validator-class>
  </validator>
  <validator>
        <validator-id>positiveIntegerValidator</validator-id>
        <validator-class>org.ejbca.util.validator.PositiveIntegerValidator</validator-class>
  </validator>
  <validator>
        <validator-id>simpleTimeValidator</validator-id>
        <validator-class>org.ejbca.ui.web.admin.SimpleTimeValidator</validator-class>
  </validator>
  <validator>
        <validator-id>validityDateValidator</validator-id>
        <validator-class>org.ejbca.ui.web.admin.ValidityDateValidator</validator-class>
  </validator>
    <validator>
        <validator-id>minSmallerThanMaxValidator</validator-id>
        <validator-class>org.ejbca.util.validator.MinSmallerThanMaxValidator</validator-class>
  </validator>

  <converter>
        <converter-id>mapToStringConverter</converter-id>
        <converter-class>org.ejbca.ui.web.admin.audit.MapToStringConverter</converter-class>
  </converter>

  <navigation-rule>
  	<from-view-id>/approval/approvalaction.xhtml</from-view-id>
  	<navigation-case>
  		<from-outcome>approveaction</from-outcome>
  		<to-view-id>/approval/approvalaction.xhtml</to-view-id>
  	</navigation-case>
  </navigation-rule>
  <navigation-rule>
    <from-view-id>/ca/caactivation.xhtml</from-view-id>
    <navigation-case>
      <from-outcome>apply</from-outcome>
      <to-view-id>/ca/caactivation.xhtml</to-view-id>
    </navigation-case>
  </navigation-rule>

  <navigation-rule>
  	<from-view-id>/initpki.xhtml</from-view-id>
  	<navigation-case>
  		<from-outcome>newPkiMode</from-outcome>
  		<to-view-id>/initnewpki.xhtml</to-view-id>
  	</navigation-case>
	<navigation-case>
  		<from-outcome>existingPkiMode</from-outcome>
  		<to-view-id>/initexistingpki.xhtml</to-view-id>
  	</navigation-case>
  	<navigation-case>
  		<from-outcome>skip</from-outcome>
  		<to-view-id>/ca/editcas/managecas.xhtml</to-view-id>
  	</navigation-case>
  </navigation-rule>
  
  <navigation-rule>
  	<from-view-id>/initnewpki.xhtml</from-view-id>
  	<navigation-case>
  		<from-outcome>back</from-outcome>
  		<to-view-id>/initpki.xhtml</to-view-id>
  	</navigation-case>
 	<navigation-case>
  		<from-outcome>createNewToken</from-outcome>
  		<to-view-id>/cryptotoken/cryptotoken.xhtml</to-view-id>
      	<redirect include-view-params="true"></redirect>
  	</navigation-case>
  	<navigation-case>
  		<from-outcome>next</from-outcome>
  		<to-view-id>/initpkiadmin.xhtml</to-view-id>
  	</navigation-case>
  </navigation-rule>
  
  <navigation-rule>
  	<from-view-id>/initpkiadmin.xhtml</from-view-id>
  	<navigation-case>
  		<from-outcome>back</from-outcome>
  		<to-view-id>/initnewpki.xhtml</to-view-id>
  	</navigation-case>
 	<navigation-case>
  		<from-outcome>next</from-outcome>
  		<to-view-id>/initpkisummary.xhtml</to-view-id>
  	</navigation-case>
  </navigation-rule>
  
  <navigation-rule>
  	<from-view-id>/initpkisummary.xhtml</from-view-id>
  	<navigation-case>
  		<from-outcome>back</from-outcome>
  		<to-view-id>/initpkiadmin.xhtml</to-view-id>
  	</navigation-case>
  </navigation-rule>
  
  <navigation-rule>
  	<from-view-id>/cryptotoken/cryptotoken.xhtml</from-view-id>
  	<navigation-case>
  		<from-outcome>back</from-outcome>
  		<to-view-id>/initnewpki.xhtml</to-view-id>
  	</navigation-case>
  </navigation-rule>
  
  <navigation-rule>
  	<from-view-id>/initexistingpki.xhtml</from-view-id>
  	<navigation-case>
  		<from-outcome>back</from-outcome>
  		<to-view-id>/initpki.xhtml</to-view-id>
  	</navigation-case>
 	<navigation-case>
  		<from-outcome>next</from-outcome>
  		<to-view-id>/initexistingpkirole.xhtml</to-view-id>
  	</navigation-case>
  </navigation-rule>
  
  <navigation-rule>
  	<from-view-id>/initexistingpkirole.xhtml</from-view-id>
  	<navigation-case>
  		<from-outcome>back</from-outcome>
  		<to-view-id>/initexistingpki.xhtml</to-view-id>
  	</navigation-case>
  	<navigation-case>
  		<from-outcome>next</from-outcome>
  		<to-view-id>/administratorprivileges/roles.xhtml</to-view-id>
  	</navigation-case>
  </navigation-rule>

  <navigation-rule>
  	<from-view-id>/sysconfig/cmpaliases.xhtml</from-view-id>
  	<navigation-case>
  		<from-outcome>edit</from-outcome>
  		<to-view-id>/sysconfig/cmpalias.xhtml</to-view-id>
  	</navigation-case>
  </navigation-rule>
  <navigation-rule>
  	<from-view-id>/sysconfig/cmpaliases.xhtml</from-view-id>
  	<navigation-case>
  		<from-outcome>view</from-outcome>
  		<to-view-id>/sysconfig/cmpalias.xhtml</to-view-id>
  	</navigation-case>
  </navigation-rule>
   <navigation-rule>
  	<from-view-id>/sysconfig/cmpalias.xhtml</from-view-id>
  	<navigation-case>
  		<from-outcome>done</from-outcome>
  		<to-view-id>/sysconfig/cmpaliases.xhtml</to-view-id>
  	</navigation-case>
  </navigation-rule>

    <navigation-rule>
        <from-view-id>/sysconfig/estconfigurations.xhtml</from-view-id>
        <navigation-case>
            <from-outcome>edit</from-outcome>
            <to-view-id>/sysconfig/editestalias.xhtml</to-view-id>
        </navigation-case>
    </navigation-rule>
    <navigation-rule>
        <from-view-id>/sysconfig/estconfigurations.xhtml</from-view-id>
        <navigation-case>
            <from-outcome>view</from-outcome>
            <to-view-id>/sysconfig/editestalias.xhtml</to-view-id>
        </navigation-case>
    </navigation-rule>
    <navigation-rule>
        <from-view-id>/sysconfig/editestalias.xhtml</from-view-id>
        <navigation-case>
            <from-outcome>done</from-outcome>
            <to-view-id>/sysconfig/estconfigurations.xhtml</to-view-id>
        </navigation-case>
    </navigation-rule>


  <navigation-rule>
    <from-view-id>/ca/editcertificateprofiles/editcertificateprofiles.xhtml</from-view-id>
    <navigation-case>
      <from-outcome>edit</from-outcome>
      <to-view-id>/ca/editcertificateprofiles/editcertificateprofile.xhtml</to-view-id>
    </navigation-case>
    <navigation-case>
      <from-outcome>view</from-outcome>
      <to-view-id>/ca/editcertificateprofiles/editcertificateprofile.xhtml</to-view-id>
    </navigation-case>
  </navigation-rule>
  <navigation-rule>
    <from-view-id>/ca/editcertificateprofiles/editcertificateprofile.xhtml</from-view-id>
    <navigation-case>
      <from-outcome>done</from-outcome>
      <to-view-id>/ca/editcertificateprofiles/editcertificateprofiles.xhtml</to-view-id>
    </navigation-case>
  </navigation-rule>

  <navigation-rule>
    <from-view-id>/ca/editvalidators/editvalidators.xhtml</from-view-id>
    <navigation-case>
      <from-action>#{validatorsBean.actionEdit}</from-action>
      <from-outcome>edit</from-outcome>
      <to-view-id>/ca/editvalidators/editvalidator.xhtml</to-view-id>
      <redirect include-view-params="true"></redirect>
    </navigation-case>
    <navigation-case>
      <from-outcome>view</from-outcome>
      <to-view-id>/ca/editvalidators/editvalidator.xhtml</to-view-id>
      <redirect include-view-params="true"></redirect>
    </navigation-case>
    <navigation-case>
      <from-action>#{validatorsBean.#{validatorsBean.actionRenameConfirm}}</from-action>
      <to-view-id>/ca/editvalidators/editvalidators.xhtml</to-view-id>
    </navigation-case>
    <navigation-case>
      <from-action>#{validatorsBean.#{validatorsBean.actionDeleteConfirm}}</from-action>
      <to-view-id>/ca/editvalidators/editvalidators.xhtml</to-view-id>
    </navigation-case>
    <navigation-case>
      <from-action>#{validatorsBean.#{validatorsBean.actionAddFromTemplateConfirm}}</from-action>
      <to-view-id>/ca/editvalidators/editvalidators.xhtml</to-view-id>
    </navigation-case>
  </navigation-rule>
  <navigation-rule>
    <from-view-id>/ca/editvalidators/editvalidator.xhtml</from-view-id>
    <navigation-case>
      <from-outcome>done</from-outcome>
      <to-view-id>/ca/editvalidators/editvalidators.xhtml</to-view-id>
    </navigation-case>
  </navigation-rule>

   <navigation-rule>
    <from-view-id>/approval/editapprovalprofiles.xhtml</from-view-id>
    <navigation-case>
      <from-outcome>edit</from-outcome>
      <to-view-id>/approval/editapprovalprofile.xhtml</to-view-id>
    </navigation-case>
    <navigation-case>
      <from-outcome>view</from-outcome>
      <to-view-id>/approval/editapprovalprofile.xhtml</to-view-id>
    </navigation-case>
  </navigation-rule>
  <navigation-rule>
    <from-view-id>/approval/editapprovalprofile.xhtml</from-view-id>
    <navigation-case>
      <from-outcome>done</from-outcome>
      <to-view-id>/approval/editapprovalprofiles.xhtml</to-view-id>
    </navigation-case>
  </navigation-rule>

    <navigation-rule>
        <from-view-id>/ra/edituserdatasources/userdatasourcespage.xhtml</from-view-id>
        <navigation-case>
            <from-action>#{userDatasoucesMBean.actionEdit}</from-action>
            <from-outcome>edit</from-outcome>
            <to-view-id>/ra/edituserdatasources/edituserdatasource.xhtml</to-view-id>
            <redirect include-view-params="true"></redirect>
        </navigation-case>
    </navigation-rule>
    <navigation-rule>
        <from-view-id>/ra/edituserdatasources/edituserdatasource.xhtml</from-view-id>
        <navigation-case>
            <from-outcome>done</from-outcome>
            <to-view-id>/ra/edituserdatasources/userdatasourcespage.xhtml</to-view-id>
        </navigation-case>
</navigation-rule>

  <navigation-rule>
    <from-view-id>/sysconfig/systemconfiguration.xhtml</from-view-id>
    <navigation-case>
      <from-outcome>edit</from-outcome>
      <to-view-id>/sysconfig/customcertextension.xhtml</to-view-id>
    </navigation-case>
    <navigation-case>
      <from-outcome>view</from-outcome>
      <to-view-id>/sysconfig/customcertextension.xhtml</to-view-id>
    </navigation-case>
    <navigation-case>
      <from-outcome>editCTLog</from-outcome>
      <to-view-id>/sysconfig/editctlog.xhtml</to-view-id>
    </navigation-case>
    <navigation-case>
      <from-outcome>editOAuthKey</from-outcome>
      <to-view-id>/sysconfig/editoauthkey.xhtml</to-view-id>
    </navigation-case>
  </navigation-rule>

  <navigation-rule>
    <from-view-id>/sysconfig/editctlog.xhtml</from-view-id>
    <navigation-case>
      <from-outcome>saved</from-outcome>
      <to-view-id>/sysconfig/systemconfiguration.xhtml</to-view-id>
    </navigation-case>
  </navigation-rule>

  <navigation-rule>
    <from-view-id>/sysconfig/editoauthkey.xhtml</from-view-id>
    <navigation-case>
      <from-outcome>saved</from-outcome>
      <to-view-id>/sysconfig/systemconfiguration.xhtml</to-view-id>
    </navigation-case>
  </navigation-rule>

  <navigation-rule>
  	<from-view-id>/services/listservices.xhtml</from-view-id>
  	<navigation-case>
  		<from-outcome>listservices</from-outcome>
  		<to-view-id>/services/listservices.xhtml</to-view-id>
  	</navigation-case>
  	<navigation-case>
  		<from-outcome>editservice</from-outcome>
  		<to-view-id>/services/editservice.xhtml</to-view-id>
  	</navigation-case>
  </navigation-rule>
  <navigation-rule>
  	<from-view-id>/services/editservice.xhtml</from-view-id>
  	<navigation-case>
  		<from-outcome>listservices</from-outcome>
  		<to-view-id>/services/listservices.xhtml</to-view-id>
  	</navigation-case>
  	<navigation-case>
  		<from-outcome>editservice</from-outcome>
  		<to-view-id>/services/editservice.xhtml</to-view-id>
  	</navigation-case>
  </navigation-rule>

  <navigation-rule>
  	<from-view-id>/peerconnector/peerconnectors.xhtml</from-view-id>
  	<navigation-case>
  		<from-outcome>edit</from-outcome>
  		<to-view-id>/peerconnector/peerconnector.xhtml</to-view-id>
  	</navigation-case>
  	<navigation-case>
  		<from-outcome>done</from-outcome>
  		<to-view-id>/peerconnector/peerconnectors.xhtml</to-view-id>
  	</navigation-case>
  	<navigation-case>
  		<from-outcome>manage</from-outcome>
  		<to-view-id>/peerconnector/peermgmt.xhtml</to-view-id>
  	</navigation-case>
  	<navigation-case>
        <from-outcome>peerprocessauth</from-outcome>
	    <to-view-id>/peerconnector/peerprocessauth.jsp</to-view-id>
    </navigation-case>
    <navigation-case>
        <from-outcome>peerinauth</from-outcome>
        <to-view-id>/peerconnector/peerinauth.xhtml</to-view-id>
	</navigation-case>
  </navigation-rule>

  <navigation-rule>
  	<from-view-id>/peerconnector/peerconnector.xhtml</from-view-id>
  	<navigation-case>
  		<from-outcome>done</from-outcome>
  		<to-view-id>/peerconnector/peerconnectors.xhtml</to-view-id>
  	</navigation-case>
  </navigation-rule>
  <navigation-rule>
  	<from-view-id>/peerconnector/peermgmt.xhtml</from-view-id>
  	<navigation-case>
  		<from-outcome>done</from-outcome>
  		<to-view-id>/peerconnector/peerconnectors.xhtml</to-view-id>
  	</navigation-case>
  </navigation-rule>

  <factory>
  		<exception-handler-factory>org.ejbca.ui.web.admin.CaExceptionHandlerFactory</exception-handler-factory>
  </factory>

</faces-config>
