<?xml version="1.0" encoding="UTF-8"?>
<project xmlns="http://www.netbeans.org/ns/project/1">
    <type>org.netbeans.modules.ant.freeform</type>
    <configuration>
        <general-data xmlns="http://www.netbeans.org/ns/freeform-project/1">
            <name>cesecore-common</name>
        </general-data>
        <general-data xmlns="http://www.netbeans.org/ns/freeform-project/2">
            <!-- Do not use Project Properties customizer when editing this file manually. -->
            <name>cesecore-common</name>
            <properties>
                <property-file>../../conf/ejbca.properties</property-file>
            </properties>
            <folders>
                <source-folder>
                    <label>cesecore-common</label>
                    <location>.</location>
                    <encoding>UTF-8</encoding>
                </source-folder>
                <source-folder>
                    <label>src</label>
                    <type>java</type>
                    <location>src</location>
                    <encoding>UTF-8</encoding>
                </source-folder>
            </folders>
            <ide-actions>
                <action name="build">
                    <target>jar</target>
                </action>
                <action name="clean">
                    <target>clean</target>
                </action>
                <action name="rebuild">
                    <target>clean</target>
                    <target>jar</target>
                </action>
            </ide-actions>
            <export>
                <type>jar</type>
                <location>dist/cesecore-common.jar</location>
                <build-target>jar</build-target>
            </export>
            <view>
                <items>
                    <source-folder style="packages">
                        <label>src</label>
                        <location>src</location>
                    </source-folder>
                    <source-file>
                        <location>build.xml</location>
                    </source-file>
                </items>
                <context-menu>
                    <ide-action name="build"/>
                    <ide-action name="rebuild"/>
                    <ide-action name="clean"/>
                </context-menu>
            </view>
            <subprojects/>
        </general-data>
        <java-data xmlns="http://www.netbeans.org/ns/freeform-project-java/3">
            <compilation-unit>
                <package-root>src</package-root>
                <classpath mode="compile">../../lib/bcpkix-jdk15on-168.jar:../../lib/bcprov-jdk15on-168.jar:../../lib/cert-cvc-1.4.12.jar:../../lib/commons-beanutils-1.9.4.jar:../../lib/commons-cli-1.4.jar:../../lib/commons-codec-1.10.jar:../../lib/commons-collections-3.2.2.jar:../../lib/commons-configuration-1.6.jar:../../lib/commons-digester-2.1.jar:../../lib/commons-el-1.0.jar:../../lib/commons-fileupload-1.3.3.jar:../../lib/commons-io-2.5.jar:../../lib/commons-lang-2.6.jar:../../lib/commons-logging-1.2.jar:../../lib/ldap.jar:../../lib/log4j-1.2.17.jar:../../lib/hibernate/antlr-2.7.7.jar:../../lib/hibernate/dom4j-1.6.1.jar:../../lib/hibernate/hibernate-commons-annotations-4.0.1.Final.jar:../../lib/hibernate/hibernate-core-4.1.1.Final.jar:../../lib/hibernate/hibernate-entitymanager-4.1.1.Final.jar:../../lib/hibernate/hibernate-jpa-2.0-api-1.0.1.Final.jar:../../lib/hibernate/javassist-3.15.0-GA.jar:../../lib/hibernate/jboss-logging-3.1.0.GA.jar:../../lib/hibernate/jboss-transaction-api_1.1_spec-1.0.0.Final.jar:../../lib/jee/javaee-api-7.0-1.jar:../../lib/xstream/xmlpull-1.1.3.1.jar</classpath>
                <built-to>dist/cesecore-common.jar</built-to>
                <source-level>1.7</source-level>
            </compilation-unit>
        </java-data>
    </configuration>
</project>
